INSERT INTO `employees`.`worker` (`id`,`name`, `last_name`, `status`) VALUES (1,'JUAN RAUL','PORTILLA','ACTIVE');
INSERT INTO `employees`.`worker` (`id`,`name`, `last_name`, `status`) VALUES (2,'LUIS REINALDO','MONTECINOS','ACTIVE');
INSERT INTO `employees`.`worker` (`id`,`name`, `last_name`, `status`) VALUES (3,'HERMAN CLAUDIO','CORDOVA','DELETED');
INSERT INTO `employees`.`worker` (`id`,`name`, `last_name`, `status`) VALUES (4,'MIGUEL ANGEL','AGUILERA','DELETED');
INSERT INTO `employees`.`worker` (`id`,`name`, `last_name`, `status`) VALUES (5,'LUIS FELIPE','ANTIVIL','INACTIVE');
INSERT INTO `employees`.`worker` (`id`,`name`, `last_name`, `status`) VALUES (6,'GABRIEL JESUS','ARENAS','DELETED');
INSERT INTO `employees`.`worker` (`id`,`name`, `last_name`, `status`) VALUES (7,'CESAR ANTONIO','AVALOS','INACTIVE');
INSERT INTO `employees`.`worker` (`id`,`name`, `last_name`, `status`) VALUES (8,'ALEJANDRO JAVIER','CANDIA','INACTIVE');
INSERT INTO `employees`.`worker` (`id`,`name`, `last_name`, `status`) VALUES (9,'DIEGO JAVIER','CARES','ACTIVE');
INSERT INTO `employees`.`worker` (`id`,`name`, `last_name`, `status`) VALUES (10,'JORGE YANKO','CARO','ACTIVE');
INSERT INTO `employees`.`worker` (`id`,`name`, `last_name`, `status`) VALUES (11,'FELIPE EMANUEL','CARRASCO','ACTIVE');
INSERT INTO `employees`.`worker` (`id`,`name`, `last_name`, `status`) VALUES (12,'FELIPE EDUARDO','CONDUELA','DELETED');
INSERT INTO `employees`.`worker` (`id`,`name`, `last_name`, `status`) VALUES (13,'NICOLAS ANDRES','CORDERO','INACTIVE');
INSERT INTO `employees`.`worker` (`id`,`name`, `last_name`, `status`) VALUES (14,'AARON ISMAEL','DIAZ','ACTIVE');
INSERT INTO `employees`.`worker` (`id`,`name`, `last_name`, `status`) VALUES (15,'GINO ALEXANDER','DONOSO','DELETED');
INSERT INTO `employees`.`worker` (`id`,`name`, `last_name`, `status`) VALUES (16,'LEONARDO SEBASTIAN','ESPINOSA','DELETED');
INSERT INTO `employees`.`worker` (`id`,`name`, `last_name`, `status`) VALUES (17,'ARIEL ANTONIO','FERNANDEZ','ACTIVE');
INSERT INTO `employees`.`worker` (`id`,`name`, `last_name`, `status`) VALUES (18,'ELIAS FIDEL','FIGUEROA','DELETED');
INSERT INTO `employees`.`worker` (`id`,`name`, `last_name`, `status`) VALUES (19,'ADOLFO ANTONIO','HERNANDEZ','ACTIVE');
INSERT INTO `employees`.`worker` (`id`,`name`, `last_name`, `status`) VALUES (20,'MIKHAIL','JIMENEZ','ACTIVE');
INSERT INTO `employees`.`worker` (`id`,`name`, `last_name`, `status`) VALUES (21,'ESTEBAN PATRICIO','LETELIER','INACTIVE');
INSERT INTO `employees`.`worker` (`id`,`name`, `last_name`, `status`) VALUES (22,'RICHARD ERICKSON','LOPEZ','ACTIVE');
INSERT INTO `employees`.`worker` (`id`,`name`, `last_name`, `status`) VALUES (23,'HECTOR FRANCO','MANCILLA','DELETED');
INSERT INTO `employees`.`worker` (`id`,`name`, `last_name`, `status`) VALUES (24,'FELIPE ALFREDO','MARTINEZ','ACTIVE');
INSERT INTO `employees`.`worker` (`id`,`name`, `last_name`, `status`) VALUES (25,'JUAN LUCIANO','MILLA','ACTIVE');
INSERT INTO `employees`.`worker` (`id`,`name`, `last_name`, `status`) VALUES (26,'CHRISTOPHER FERNANDO','MUNIZAGA','ACTIVE');
INSERT INTO `employees`.`worker` (`id`,`name`, `last_name`, `status`) VALUES (27,'LUIS ALBERTO','NAHUELMAN','DELETED');
INSERT INTO `employees`.`worker` (`id`,`name`, `last_name`, `status`) VALUES (28,'ANTONIO EDUARDO','PAREDES','ACTIVE');
INSERT INTO `employees`.`worker` (`id`,`name`, `last_name`, `status`) VALUES (29,'JAVIER LUIS','PERALTA','DELETED');
INSERT INTO `employees`.`worker` (`id`,`name`, `last_name`, `status`) VALUES (30,'MAURICIO ANDRÉS','PINO','ACTIVE');


INSERT INTO `employees`.`user` (`id`,`username`, `password`, `type`, `status`) VALUES (1,'xarzola','756f5cfed2eb3edbf23fd1facff44e5e','WORKER','ACTIVE');
INSERT INTO `employees`.`user` (`id`,`username`, `password`, `type`, `status`) VALUES (2,'jaravena','d8d34fb567f11a42ad0881ba2305e02f','ADMIN','ACTIVE');
INSERT INTO `employees`.`user` (`id`,`username`, `password`, `type`, `status`) VALUES (3,'ivaldes','a8c406403fc81006a7b0058631e8ae99','WORKER','ACTIVE');
INSERT INTO `employees`.`user` (`id`,`username`, `password`, `type`, `status`) VALUES (4,'jvaldez','cd046487cfc7974d66b24152d12809d7','WORKER','ACTIVE');
INSERT INTO `employees`.`user` (`id`,`username`, `password`, `type`, `status`) VALUES (5,'nmontecinos','367543ef1c099df56014000a82dc6446','WORKER','ACTIVE');
INSERT INTO `employees`.`user` (`id`,`username`, `password`, `type`, `status`) VALUES (6,'amontecinos','3bf1684e5010bc4ad528df221d2f6eb1','WORKER','ACTIVE');
INSERT INTO `employees`.`user` (`id`,`username`, `password`, `type`, `status`) VALUES (7,'lmontecinos','9c0c02297d444bd0ba81d7d7701acd4a','WORKER','ACTIVE');
INSERT INTO `employees`.`user` (`id`,`username`, `password`, `type`, `status`) VALUES (8,'iaburto','742bb26b1fa3c11368f0f989173aa197','WORKER','ACTIVE');
INSERT INTO `employees`.`user` (`id`,`username`, `password`, `type`, `status`) VALUES (9,'jgomez','742bb26b1fa3c11368f0f989173aa197','WORKER','ACTIVE');
INSERT INTO `employees`.`user` (`id`,`username`, `password`, `type`, `status`) VALUES (10,'asalgado','742bb26b1fa3c11368f0f989173aa197','ADMIN','ACTIVE');
INSERT INTO `employees`.`user` (`id`,`username`, `password`, `type`, `status`) VALUES (11,'ggodoy','742bb26b1fa3c11368f0f989173aa197','WORKER','ACTIVE');
INSERT INTO `employees`.`user` (`id`,`username`, `password`, `type`, `status`) VALUES (12,'dramos','742bb26b1fa3c11368f0f989173aa197','WORKER','ACTIVE');
INSERT INTO `employees`.`user` (`id`,`username`, `password`, `type`, `status`) VALUES (13,'ahenriquez','742bb26b1fa3c11368f0f989173aa197','WORKER','ACTIVE');
INSERT INTO `employees`.`user` (`id`,`username`, `password`, `type`, `status`) VALUES (14,'pgallardo','8bd80db9850b5da109bee35eac00325f','ADMIN','ACTIVE');
INSERT INTO `employees`.`user` (`id`,`username`, `password`, `type`, `status`) VALUES (15,'smuñoz','6f9a0f8d8e53826ec7ba994d21d6de28','WORKER','ACTIVE');
INSERT INTO `employees`.`user` (`id`,`username`, `password`, `type`, `status`) VALUES (16,'clloncon','cd046487cfc7974d66b24152d12809d7','WORKER','ACTIVE');
INSERT INTO `employees`.`user` (`id`,`username`, `password`, `type`, `status`) VALUES (17,'priffo','cd046487cfc7974d66b24152d12809d7','WORKER','ACTIVE');
INSERT INTO `employees`.`user` (`id`,`username`, `password`, `type`, `status`) VALUES (18,'dsantibañez','cd046487cfc7974d66b24152d12809d7','WORKER','ACTIVE');
INSERT INTO `employees`.`user` (`id`,`username`, `password`, `type`, `status`) VALUES (19,'avargas','faeda0921ea937748ec63594e62bfcc2','WORKER','ACTIVE');
INSERT INTO `employees`.`user` (`id`,`username`, `password`, `type`, `status`) VALUES (20,'admin','9c0c02297d444bd0ba81d7d7701acd4a','ADMIN','ACTIVE');
INSERT INTO `employees`.`user` (`id`,`username`, `password`, `type`, `status`) VALUES (21,'jwalker','faeda0921ea937748ec63594e62bfcc2','WORKER','ACTIVE');
INSERT INTO `employees`.`user` (`id`,`username`, `password`, `type`, `status`) VALUES (22,'dcastillo','faeda0921ea937748ec63594e62bfcc2','WORKER','ACTIVE');
INSERT INTO `employees`.`user` (`id`,`username`, `password`, `type`, `status`) VALUES (23,'mjunemann','faeda0921ea937748ec63594e62bfcc2','WORKER','ACTIVE');
INSERT INTO `employees`.`user` (`id`,`username`, `password`, `type`, `status`) VALUES (24,'Agaray','faeda0921ea937748ec63594e62bfcc2','ADMIN','ACTIVE');
INSERT INTO `employees`.`user` (`id`,`username`, `password`, `type`, `status`) VALUES (25,'htorres','2123455c1e77d47c4c9cea18c38e7b3e','WORKER','ACTIVE');


INSERT INTO `employees`.`worker_users` (`user_id`, `worker_id`) VALUES ('1', '1');
INSERT INTO `employees`.`worker_users` (`user_id`, `worker_id`) VALUES ('2', '2');
INSERT INTO `employees`.`worker_users` (`user_id`, `worker_id`) VALUES ('3', '3');
INSERT INTO `employees`.`worker_users` (`user_id`, `worker_id`) VALUES ('4', '4');
INSERT INTO `employees`.`worker_users` (`user_id`, `worker_id`) VALUES ('5', '5');
INSERT INTO `employees`.`worker_users` (`user_id`, `worker_id`) VALUES ('6', '6');
INSERT INTO `employees`.`worker_users` (`user_id`, `worker_id`) VALUES ('7', '7');
INSERT INTO `employees`.`worker_users` (`user_id`, `worker_id`) VALUES ('8', '8');
INSERT INTO `employees`.`worker_users` (`user_id`, `worker_id`) VALUES ('9', '9');
INSERT INTO `employees`.`worker_users` (`user_id`, `worker_id`) VALUES ('10', '10');
INSERT INTO `employees`.`worker_users` (`user_id`, `worker_id`) VALUES ('11', '11');
INSERT INTO `employees`.`worker_users` (`user_id`, `worker_id`) VALUES ('12', '12');
INSERT INTO `employees`.`worker_users` (`user_id`, `worker_id`) VALUES ('13', '13');
INSERT INTO `employees`.`worker_users` (`user_id`, `worker_id`) VALUES ('14', '14');
INSERT INTO `employees`.`worker_users` (`user_id`, `worker_id`) VALUES ('15', '15');
INSERT INTO `employees`.`worker_users` (`user_id`, `worker_id`) VALUES ('16', '16');
INSERT INTO `employees`.`worker_users` (`user_id`, `worker_id`) VALUES ('17', '17');
INSERT INTO `employees`.`worker_users` (`user_id`, `worker_id`) VALUES ('18', '18');
INSERT INTO `employees`.`worker_users` (`user_id`, `worker_id`) VALUES ('19', '19');
INSERT INTO `employees`.`worker_users` (`user_id`, `worker_id`) VALUES ('20', '20');
INSERT INTO `employees`.`worker_users` (`user_id`, `worker_id`) VALUES ('21', '21');
INSERT INTO `employees`.`worker_users` (`user_id`, `worker_id`) VALUES ('22', '22');
INSERT INTO `employees`.`worker_users` (`user_id`, `worker_id`) VALUES ('23', '23');
INSERT INTO `employees`.`worker_users` (`user_id`, `worker_id`) VALUES ('24', '24');
INSERT INTO `employees`.`worker_users` (`user_id`, `worker_id`) VALUES ('25', '25');


insert into employees.hibernate_sequence values(26);
insert into employees.hibernate_sequence values(26);

